mixture_ID,source_1_path,source_1_gain,source_2_path,source_2_gain,noise_path,noise_gain
4077-13754-0001_5142-33396-0065,test-clean/4077/13754/4077-13754-0001.flac,0.7875413348848695,test-clean/5142/33396/5142-33396-0065.flac,1.4352834120507272,tt/445c0204_1.7413_442c020t_-1.7413.wav,1.7990499862874463
6930-76324-0027_5683-32879-0011,test-clean/6930/76324/6930-76324-0027.flac,0.6015250670106238,test-clean/5683/32879/5683-32879-0011.flac,0.3442805985487599,tt/22hc010b_1.8764_421a0109_-1.8764.wav,1.4409061659915268
1188-133604-0025_4992-23283-0016,test-clean/1188/133604/1188-133604-0025.flac,0.8334129478601028,test-clean/4992/23283/4992-23283-0016.flac,1.360687833076909,tt/443o0313_0.54779_053c0113_-0.54779.wav,1.669022665608842
5683-32866-0012_121-121726-0001,test-clean/5683/32866/5683-32866-0012.flac,0.32902848529222667,test-clean/121/121726/121-121726-0001.flac,0.2937217042985811,tt/443c020b_0.91101_050o0208_-0.91101.wav,1.4169272023171857
1995-1837-0025_5142-36377-0017,test-clean/1995/1837/1995-1837-0025.flac,0.3269227162216646,test-clean/5142/36377/5142-36377-0017.flac,0.7418379212072695,tt/050o0204_1.7969_052c0112_-1.7969.wav,0.41137606088162976